<?xml version="1.0" encoding="UTF-8"?>
<project-private xmlns="http://www.netbeans.org/ns/project-private/1">
    <editor-bookmarks xmlns="http://www.netbeans.org/ns/editor-bookmarks/2" lastBookmarkId="0"/>
    <open-files xmlns="http://www.netbeans.org/ns/projectui-open-files/2">
        <group>
            <file>file:/C:/Users/604772006/Documents/NetBeansProjects/ReceptGyujto/src/view/ShowRecipePanel.java</file>
            <file>file:/C:/Users/604772006/Documents/NetBeansProjects/ReceptGyujto/src/model/Recept.java</file>
            <file>file:/C:/Users/604772006/Documents/NetBeansProjects/ReceptGyujto/src/controller/Controller.java</file>
            <file>file:/C:/Users/604772006/Documents/NetBeansProjects/ReceptGyujto/src/model/ReceptKezelo.java</file>
            <file>file:/C:/Users/604772006/Documents/NetBeansProjects/ReceptGyujto/src/view/NewRecipePanel.java</file>
            <file>file:/C:/Users/604772006/Documents/NetBeansProjects/ReceptGyujto/src/model/Osszetevok.java</file>
            <file>file:/C:/Users/604772006/Documents/NetBeansProjects/ReceptGyujto/src/view/GUI.java</file>
        </group>
    </open-files>
</project-private>
